문장 A,문장 B
달리기는 관절에 좋다.,수영은 관절에 좋다.
심폐지구력을 높은 상태이다.,체력이 좋다.
나는 자고 싶다.,나는 피곤하다.
헤이세이 라이더는 쇼와 라이더가 끝난 이후 2000년에 처음으로 등장하는 작품이다.,"그러다가 2019년 4월 30일부로 헤이세이 시대가 끝나고, 4달뒤에 헤이세이 라이더도 마찬가지로 종결했다. "
코로나 확진자가 급증한 중국 상하이시가 단계적 도시 봉쇄에 돌입했다. ,이 기간 식재료를 쟁이기 위해 시민들이 마트에 몰리는 등 혼잡한 상황이 담긴 모습이 소셜미디어에 올라왔다.
채소 사는 게 너무 어렵다,이날 샐러리 한 개만 겨우 샀다
배송 빠르고 티셔츠는 약간 두께감 있습니다. 옷은 좋습니다.,딱 이쁘네요 아이가 굉장히 마응에 들어합니다 잘 사용하겠습니다
남 탓을 할 수도 있다.,우리는 남이니깐
"""""",""""""
지나가는 가면라이더다,너의 죄를 세어라
"클렌징 오일, 클렌징 폼도 효과가 좋지만 가장 깔끔하게 지워지는 것은 클렌징 워터입니다.\",요즘 짓는 대부분의 한옥은 내부까지 모두 담아내긴 어려워요.
우리 아이가 좋아해요,무신사에 등록된 후기 콘텐츠 수가 누적 2300만 건을 돌파했다.
누군가를 이제 좋아한다느 사실이,불편해?
더킹이랑 스웨이랑 같이 써야 한다니깐?,그래서 안할거야?
